Id,SepalLengthCm,SepalWidthCm,PetalLengthCm,PetalWidthCm,Species
1,5.1,3.5,1.4,0.2,Iris-setosa
51,7.0,3.2,4.7,1.4,Iris-versicolor
101,6.3,3.3,6.0,2.5,Iris-virginica
2,4.9,3.0,1.4,0.2,Iris-setosa
52,6.4,3.2,4.5,1.5,Iris-versicolor
105,6.5,3.0,5.8,2.2,Iris-virginica
3,4.7,3.2,1.3,0.2,Iris-setosa
53,6.9,3.1,4.9,1.5,Iris-versicolor
107,4.9,2.5,4.5,1.7,Iris-virginica
4,4.6,3.1,1.5,0.2,Iris-setosa
56,5.7,2.8,4.5,1.3,Iris-versicolor
102,5.8,2.7,5.1,1.9,Iris-virginica
5,5.0,3.6,1.4,0.2,Iris-setosa
54,5.5,2.3,4.0,1.3,Iris-versicolor
104,6.3,2.9,5.6,1.8,Iris-virginica
6,5.4,3.9,1.7,0.4,Iris-setosa
57,6.3,3.3,4.7,1.6,Iris-versicolor
106,7.6,3.0,6.6,2.1,Iris-virginica
7,4.6,3.4,1.4,0.3,Iris-setosa
55,6.5,2.8,4.6,1.5,Iris-versicolor
103,7.1,3.0,5.9,2.1,Iris-virginica
8,5.0,3.4,1.5,0.2,Iris-setosa
58,4.9,2.4,3.3,1.0,Iris-versicolor
108,7.3,2.9,6.3,1.8,Iris-virginica
9,4.4,2.9,1.4,0.2,Iris-setosa
60,5.2,2.7,3.9,1.4,Iris-versicolor
109,6.7,2.5,5.8,1.8,Iris-virginica
10,4.9,3.1,1.5,0.1,Iris-setosa
59,6.6,2.9,4.6,1.3,Iris-versicolor
110,7.2,3.6,6.1,2.5,Iris-virginica
11,5.4,3.7,1.5,0.2,Iris-setosa
61,5.0,2.0,3.5,1.0,Iris-versicolor
111,6.5,3.2,5.1,2.0,Iris-virginica
12,4.8,3.4,1.6,0.2,Iris-setosa
62,5.9,3.0,4.2,1.5,Iris-versicolor
112,6.4,2.7,5.3,1.9,Iris-virginica
13,4.8,3.0,1.4,0.1,Iris-setosa
63,6.0,2.2,4.0,1.0,Iris-versicolor
113,6.8,3.0,5.5,2.1,Iris-virginica
14,4.3,3.0,1.1,0.1,Iris-setosa
64,6.1,2.9,4.7,1.4,Iris-versicolor
114,5.7,2.5,5.0,2.0,Iris-virginica
15,5.8,4.0,1.2,0.2,Iris-setosa
65,5.6,2.9,3.6,1.3,Iris-versicolor
115,5.8,2.8,5.1,2.4,Iris-virginica
16,5.7,4.4,1.5,0.4,Iris-setosa
66,6.7,3.1,4.4,1.4,Iris-versicolor
116,6.4,3.2,5.3,2.3,Iris-virginica
17,5.4,3.9,1.3,0.4,Iris-setosa
67,5.6,3.0,4.5,1.5,Iris-versicolor
117,6.5,3.0,5.5,1.8,Iris-virginica
18,5.1,3.5,1.4,0.3,Iris-setosa
68,5.8,2.7,4.1,1.0,Iris-versicolor
118,7.7,3.8,6.7,2.2,Iris-virginica
19,5.7,3.8,1.7,0.3,Iris-setosa
69,6.2,2.2,4.5,1.5,Iris-versicolor
120,6.0,2.2,5.0,1.5,Iris-virginica
20,5.1,3.8,1.5,0.3,Iris-setosa
70,5.6,2.5,3.9,1.1,Iris-versicolor
119,7.7,2.6,6.9,2.3,Iris-virginica
21,5.4,3.4,1.7,0.2,Iris-setosa
71,5.9,3.2,4.8,1.8,Iris-versicolor
121,6.9,3.2,5.7,2.3,Iris-virginica
22,5.1,3.7,1.5,0.4,Iris-setosa
72,6.1,2.8,4.0,1.3,Iris-versicolor
122,5.6,2.8,4.9,2.0,Iris-virginica
23,4.6,3.6,1.0,0.2,Iris-setosa
73,6.3,2.5,4.9,1.5,Iris-versicolor
123,7.7,2.8,6.7,2.0,Iris-virginica
24,5.1,3.3,1.7,0.5,Iris-setosa
75,6.4,2.9,4.3,1.3,Iris-versicolor
124,6.3,2.7,4.9,1.8,Iris-virginica
25,4.8,3.4,1.9,0.2,Iris-setosa
74,6.1,2.8,4.7,1.2,Iris-versicolor
125,6.7,3.3,5.7,2.1,Iris-virginica
26,5.0,3.0,1.6,0.2,Iris-setosa
78,6.7,3.0,5.0,1.7,Iris-versicolor
126,7.2,3.2,6.0,1.8,Iris-virginica
27,5.0,3.4,1.6,0.4,Iris-setosa
76,6.6,3.0,4.4,1.4,Iris-versicolor
127,6.2,2.8,4.8,1.8,Iris-virginica
28,5.2,3.5,1.5,0.2,Iris-setosa
77,6.8,2.8,4.8,1.4,Iris-versicolor
128,6.1,3.0,4.9,1.8,Iris-virginica
29,5.2,3.4,1.4,0.2,Iris-setosa
79,6.0,2.9,4.5,1.5,Iris-versicolor
129,6.4,2.8,5.6,2.1,Iris-virginica
30,4.7,3.2,1.6,0.2,Iris-setosa
81,5.5,2.4,3.8,1.1,Iris-versicolor
130,7.2,3.0,5.8,1.6,Iris-virginica
31,4.8,3.1,1.6,0.2,Iris-setosa
80,5.7,2.6,3.5,1.0,Iris-versicolor
134,6.3,2.8,5.1,1.5,Iris-virginica
32,5.4,3.4,1.5,0.4,Iris-setosa
82,5.5,2.4,3.7,1.0,Iris-versicolor
132,7.9,3.8,6.4,2.0,Iris-virginica
33,5.2,4.1,1.5,0.1,Iris-setosa
100,5.7,2.8,4.1,1.3,Iris-versicolor
131,7.4,2.8,6.1,1.9,Iris-virginica
34,5.5,4.2,1.4,0.2,Iris-setosa
99,5.1,2.5,3.0,1.1,Iris-versicolor
133,6.4,2.8,5.6,2.2,Iris-virginica
36,5.0,3.2,1.2,0.2,Iris-setosa
98,6.2,2.9,4.3,1.3,Iris-versicolor
135,6.1,2.6,5.6,1.4,Iris-virginica
37,5.5,3.5,1.3,0.2,Iris-setosa
97,5.7,2.9,4.2,1.3,Iris-versicolor
136,7.7,3.0,6.1,2.3,Iris-virginica
38,4.9,3.1,1.5,0.1,Iris-setosa
96,5.7,3.0,4.2,1.2,Iris-versicolor
137,6.3,3.4,5.6,2.4,Iris-virginica
39,4.4,3.0,1.3,0.2,Iris-setosa
95,5.6,2.7,4.2,1.3,Iris-versicolor
138,6.4,3.1,5.5,1.8,Iris-virginica
40,5.1,3.4,1.5,0.2,Iris-setosa
94,5.0,2.3,3.3,1.0,Iris-versicolor
139,6.0,3.0,4.8,1.8,Iris-virginica
41,5.0,3.5,1.3,0.3,Iris-setosa
93,5.8,2.6,4.0,1.2,Iris-versicolor
140,6.9,3.1,5.4,2.1,Iris-virginica
42,4.5,2.3,1.3,0.3,Iris-setosa
92,6.1,3.0,4.6,1.4,Iris-versicolor
141,6.7,3.1,5.6,2.4,Iris-virginica
43,4.4,3.2,1.3,0.2,Iris-setosa
91,5.5,2.6,4.4,1.2,Iris-versicolor
142,6.9,3.1,5.1,2.3,Iris-virginica
44,5.0,3.5,1.6,0.6,Iris-setosa
90,5.5,2.5,4.0,1.3,Iris-versicolor
143,5.8,2.7,5.1,1.9,Iris-virginica
45,5.1,3.8,1.9,0.4,Iris-setosa
89,5.6,3.0,4.1,1.3,Iris-versicolor
144,6.8,3.2,5.9,2.3,Iris-virginica
46,4.8,3.0,1.4,0.3,Iris-setosa
88,6.3,2.3,4.4,1.3,Iris-versicolor
145,6.7,3.3,5.7,2.5,Iris-virginica
47,5.1,3.8,1.6,0.2,Iris-setosa
87,6.7,3.1,4.7,1.5,Iris-versicolor
146,6.7,3.0,5.2,2.3,Iris-virginica
48,4.6,3.2,1.4,0.2,Iris-setosa
86,6.0,3.4,4.5,1.6,Iris-versicolor
147,6.3,2.5,5.0,1.9,Iris-virginica
49,5.3,3.7,1.5,0.2,Iris-setosa
85,5.4,3.0,4.5,1.5,Iris-versicolor
148,6.5,3.0,5.2,2.0,Iris-virginica
50,5.0,3.3,1.4,0.2,Iris-setosa
84,6.0,2.7,5.1,1.6,Iris-versicolor
149,6.2,3.4,5.4,2.3,Iris-virginica
35,4.9,3.1,1.5,0.1,Iris-setosa
83,5.8,2.7,3.9,1.2,Iris-versicolor
150,5.9,3.0,5.1,1.8,Iris-virginica